opinia;poleca
Nie dla mnie. Nie podoba mi się, jak się rozwija na skórze.;No
Świetny stosunek jakości do ceny.;Yes
Zmysłowy i wyjątkowy. Bardzo polecam!;Yes
Zmysłowy i wyjątkowy. Bardzo polecam!;Yes
Piękny, kobiecy zapach. Utrzymuje się cały dzień.;Yes
Zmysłowy i wyjątkowy. Bardzo polecam!;Yes
Idealny na wiosnę! Subtelny i elegancki.;Yes
Mój nowy ulubieniec! Zdecydowanie wart swojej ceny.;Yes
Świetny stosunek jakości do ceny.;Yes
Zmysłowy i wyjątkowy. Bardzo polecam!;Yes
Trwałość na medal, zapach bardzo przyjemny.;Yes
Piękny, kobiecy zapach. Utrzymuje się cały dzień.;Yes
Zbyt intensywny, boli mnie od niego głowa.;No
Piękny, kobiecy zapach. Utrzymuje się cały dzień.;Yes
Świetny stosunek jakości do ceny.;Yes
Świetny stosunek jakości do ceny.;Yes
Piękny, kobiecy zapach. Utrzymuje się cały dzień.;Yes
Mój nowy ulubieniec! Zdecydowanie wart swojej ceny.;Yes
Idealny na wiosnę! Subtelny i elegancki.;Yes
Zapach idealny na randkę. Uwielbiam!;Yes
Mało oryginalny, pachnie jak wiele innych perfum.;No
Idealny na wiosnę! Subtelny i elegancki.;Yes
Zapach idealny na randkę. Uwielbiam!;Yes
Zmysłowy i wyjątkowy. Bardzo polecam!;Yes
Za drogi jak na tak przeciętną trwałość.;No
Świetny stosunek jakości do ceny.;Yes
Dostałam w prezencie – przepiękny zapach.;Yes
Nie dla mnie. Nie podoba mi się, jak się rozwija na skórze.;No
Trwałość na medal, zapach bardzo przyjemny.;Yes
Dostałam w prezencie – przepiękny zapach.;Yes
Mój nowy ulubieniec! Zdecydowanie wart swojej ceny.;Yes
Świetny stosunek jakości do ceny.;Yes
Trwałość na medal, zapach bardzo przyjemny.;Yes
Idealny na wiosnę! Subtelny i elegancki.;Yes
Świetny stosunek jakości do ceny.;Yes
Zapach idealny na randkę. Uwielbiam!;Yes
Zapach idealny na randkę. Uwielbiam!;Yes
Najpiękniejszy zapach, jaki miałam do tej pory!;Yes
Dostałam w prezencie – przepiękny zapach.;Yes
Idealny na wiosnę! Subtelny i elegancki.;Yes
Trwałość na medal, zapach bardzo przyjemny.;Yes
Trwałość na medal, zapach bardzo przyjemny.;Yes
Dostałam w prezencie – przepiękny zapach.;Yes
Trwałość na medal, zapach bardzo przyjemny.;Yes
Zapach idealny na randkę. Uwielbiam!;Yes
Zmysłowy i wyjątkowy. Bardzo polecam!;Yes
Zmysłowy i wyjątkowy. Bardzo polecam!;Yes
Najpiękniejszy zapach, jaki miałam do tej pory!;Yes
Zbyt intensywny, boli mnie od niego głowa.;No
Piękny, kobiecy zapach. Utrzymuje się cały dzień.;Yes
Delikatny, ale jednocześnie wyrazisty – cudo!;Yes
Najpiękniejszy zapach, jaki miałam do tej pory!;Yes
Zapach idealny na randkę. Uwielbiam!;Yes
Trwałość na medal, zapach bardzo przyjemny.;Yes
Najpiękniejszy zapach, jaki miałam do tej pory!;Yes
Dostałam w prezencie – przepiękny zapach.;Yes
Delikatny, ale jednocześnie wyrazisty – cudo!;Yes
Trwałość na medal, zapach bardzo przyjemny.;Yes
Idealny na wiosnę! Subtelny i elegancki.;Yes
Zapach idealny na randkę. Uwielbiam!;Yes
Delikatny, ale jednocześnie wyrazisty – cudo!;Yes
Zapach za słodki jak na mój gust.;No
Dostałam w prezencie – przepiękny zapach.;Yes
Świetny stosunek jakości do ceny.;Yes
Zbyt intensywny, boli mnie od niego głowa.;No
Za drogi jak na tak przeciętną trwałość.;No
Dostałam w prezencie – przepiękny zapach.;Yes
Świetny stosunek jakości do ceny.;Yes
Trwałość na medal, zapach bardzo przyjemny.;Yes
Nie kupiłabym ponownie.;No
Najpiękniejszy zapach, jaki miałam do tej pory!;Yes
Nie dla mnie. Nie podoba mi się, jak się rozwija na skórze.;No
Nie kupiłabym ponownie.;No
Trwałość na medal, zapach bardzo przyjemny.;Yes
Dostałam w prezencie – przepiękny zapach.;Yes
Świetny stosunek jakości do ceny.;Yes
Zmysłowy i wyjątkowy. Bardzo polecam!;Yes
Zbyt chemiczny zapach, bardzo sztuczny.;No
Zmysłowy i wyjątkowy. Bardzo polecam!;Yes
Zawiodłam się, spodziewałam się czegoś innego.;No
Zawiodłam się, spodziewałam się czegoś innego.;No
Nie utrzymuje się zbyt długo.;No
Nie kupiłabym ponownie.;No
Dostałam w prezencie – przepiękny zapach.;Yes
Delikatny, ale jednocześnie wyrazisty – cudo!;Yes
Trwałość na medal, zapach bardzo przyjemny.;Yes
Zapach idealny na randkę. Uwielbiam!;Yes
Delikatny, ale jednocześnie wyrazisty – cudo!;Yes
Delikatny, ale jednocześnie wyrazisty – cudo!;Yes
Piękny, kobiecy zapach. Utrzymuje się cały dzień.;Yes
Zapach za słodki jak na mój gust.;No
Mój nowy ulubieniec! Zdecydowanie wart swojej ceny.;Yes
Idealny na wiosnę! Subtelny i elegancki.;Yes
Delikatny, ale jednocześnie wyrazisty – cudo!;Yes
Zapach idealny na randkę. Uwielbiam!;Yes
Nie utrzymuje się zbyt długo.;No
Świetny stosunek jakości do ceny.;Yes
Za drogi jak na tak przeciętną trwałość.;No
Mój nowy ulubieniec! Zdecydowanie wart swojej ceny.;Yes
Delikatny, ale jednocześnie wyrazisty – cudo!;Yes